{
  "train": {
    "accuracy": 0.575,
    "balanced_accuracy": 0.5206349206349207,
    "f1": 0.7166666666666667,
    "precision": 0.5733333333333334,
    "recall": 0.9555555555555556,
    "roc_auc": 0.7358730158730159,
    "average_precision": 0.7870831824069058,
    "mcc": 0.0845780063222062,
    "log_loss": 0.6653177158302015
  },
  "val": {
    "accuracy": 0.6,
    "balanced_accuracy": 0.5656565656565656,
    "f1": 0.7142857142857143,
    "precision": 0.5882352941176471,
    "recall": 0.9090909090909091,
    "roc_auc": 0.6363636363636364,
    "average_precision": 0.7415531364060777,
    "mcc": 0.1829534767323246,
    "log_loss": 0.7569231164713353
  },
  "test": {
    "accuracy": 0.58,
    "balanced_accuracy": 0.4779286926994907,
    "f1": 0.7272727272727273,
    "precision": 0.6086956521739131,
    "recall": 0.9032258064516129,
    "roc_auc": 0.4533106960950764,
    "average_precision": 0.628545989384983,
    "mcc": -0.0789781195492476,
    "log_loss": 0.7503567060770933
  },
  "fit_summary": {
    "val_roc_auc": 0.6262626647949219,
    "training_time": 213.51213479042053
  }
}