{
  "train_metrics": {
    "accuracy": 0.713623395149786,
    "f1_macro": 0.35237259041443336,
    "precision_macro": 0.41454681239938485,
    "recall_macro": 0.33796879888874637
  },
  "val_metrics": {
    "accuracy": 0.7061340941512125,
    "f1_macro": 0.3269047330307225,
    "precision_macro": 0.39374180411058257,
    "recall_macro": 0.3205605171092977
  },
  "test_metrics": {
    "accuracy": 0.6935108153078203,
    "f1_macro": 0.3181092498399819,
    "precision_macro": 0.37303845156488824,
    "recall_macro": 0.3077037531346637
  },
  "config": {
    "model_name": "AutoGluon MultiModal",
    "time_limit": 90,
    "random_seed": 42,
    "problem_type": "multiclass"
  }
}