{
  "train": {
    "accuracy": 0.575,
    "roc_auc": 0.7358730158730159,
    "precision": 0.5733333333333334,
    "recall": 0.9555555555555556,
    "f1": 0.7166666666666667
  },
  "val": {
    "accuracy": 0.6,
    "roc_auc": 0.6363636363636364,
    "precision": 0.5882352941176471,
    "recall": 0.9090909090909091,
    "f1": 0.7142857142857143
  },
  "test": {
    "accuracy": 0.58,
    "roc_auc": 0.4533106960950764,
    "precision": 0.6086956521739131,
    "recall": 0.9032258064516129,
    "f1": 0.7272727272727273
  },
  "fit_summary": {
    "val_roc_auc": 0.6262626647949219,
    "training_time": 190.4049355983734
  }
}